{
  "entry_ids": [
    "LLM01",
    "LLM02",
    "LLM03",
    "LLM04",
    "LLM05",
    "LLM06",
    "LLM07",
    "LLM08",
    "LLM09",
    "LLM10",
    "NEW-ITSCD",
    "NEW-MA",
    "NEW-MSDA",
    "NEW-MTIE",
    "NEW-PMP",
    "NEW-WLA",
    "ROLL-CFAS",
    "ROLL-CMSB",
    "ROLL-LAPTF",
    "ROLL-SICG"
  ],
  "r_hat": {
    "concentration": 1.0024684487703335,
    "lambda[0]": 1.0000542745824623,
    "lambda[1]": 1.000293551029887,
    "lambda[2]": 1.0002545821796356,
    "lambda[3]": 0.9999541802012863,
    "lambda[4]": 0.9998655048499413,
    "lambda[5]": 1.000056162270652,
    "lambda[6]": 1.0000774464158326,
    "lambda[7]": 0.9998502423715993,
    "lambda[8]": 1.0005558488416724,
    "lambda[9]": 1.0000575130692908,
    "lambda[10]": 1.0003066243204417,
    "lambda[11]": 0.9999749220593068,
    "lambda[12]": 1.0000641384320632,
    "lambda[13]": 1.0000120333239393,
    "lambda[14]": 0.999980253441059,
    "lambda[15]": 0.9998985501176582,
    "lambda[16]": 1.0001241097624496,
    "lambda[17]": 0.9998139332020458,
    "lambda[18]": 0.9999721492848225,
    "lambda[19]": 0.9998495799410573,
    "precision[0]": 0.9998017547358286,
    "precision[1]": 0.9998865523200334,
    "precision[2]": 0.9997874934840856,
    "precision[3]": 0.999859879782946,
    "precision[4]": 0.999845687120129,
    "precision[5]": 0.9998371549000665,
    "precision[6]": 0.9999176652395974,
    "precision[7]": 0.999945721301835,
    "precision[8]": 0.9998829678072957,
    "precision[9]": 0.9999057794148337,
    "precision[10]": 0.9998168953533689,
    "precision[11]": 0.9998432878749997,
    "precision[12]": 0.999863433106268,
    "precision[13]": 1.0000788281504673,
    "precision[14]": 0.9998585338067417,
    "precision[15]": 0.9998446884827834,
    "precision[16]": 0.9999309921501879,
    "precision[17]": 0.9998222147901341,
    "precision[18]": 0.9999033728489166,
    "precision[19]": 0.9999240863362056,
    "precision[20]": 0.999835023567113,
    "precision[21]": 0.9998662065154361,
    "precision[22]": 0.9999059158457022,
    "precision[23]": 0.9998072595568149,
    "precision[24]": 0.9998406313552197,
    "precision[25]": 0.9998085501340135,
    "precision[26]": 1.0000334505893367,
    "precision[27]": 0.9999156224563303,
    "precision[28]": 0.9999512060623458,
    "precision[29]": 0.9997635457804815,
    "precision[30]": 0.9998699712488159,
    "precision[31]": 0.9999598789170208,
    "precision[32]": 0.9999264058999714,
    "precision[33]": 0.9999054161272737,
    "precision[34]": 0.9998148414700453,
    "precision[35]": 0.9998150104834291,
    "precision[36]": 0.9998234420423634,
    "precision[37]": 0.9999317601225157,
    "precision[38]": 0.9999667761718969,
    "precision[39]": 0.9997996658263502,
    "recall[0]": 0.999878722906374,
    "recall[1]": 0.9999527052602444,
    "recall[2]": 1.0007898704948226,
    "recall[3]": 0.9999560314458374,
    "recall[4]": 1.0000491356430345,
    "recall[5]": 1.000063422806767,
    "recall[6]": 1.0003333738242681,
    "recall[7]": 0.9998643568191874,
    "recall[8]": 0.999957741980694,
    "recall[9]": 1.000334236311115,
    "recall[10]": 1.0000717706113593,
    "recall[11]": 0.9999567564282519,
    "recall[12]": 0.9998627813265066,
    "recall[13]": 0.9999654780348207,
    "recall[14]": 0.9999937683840068,
    "recall[15]": 0.9999552349053652,
    "recall[16]": 1.0007569159620404,
    "recall[17]": 0.9999491542503115,
    "recall[18]": 0.9998148231049622,
    "recall[19]": 1.0000011208619715,
    "recall[20]": 1.0001251359484429,
    "recall[21]": 0.9999649491390471,
    "recall[22]": 0.9999879455418387,
    "recall[23]": 1.0000544426690134,
    "recall[24]": 0.9998851696043737,
    "recall[25]": 1.0001596848472005,
    "recall[26]": 1.0003274084801588,
    "recall[27]": 0.9999024189007257,
    "recall[28]": 0.9999731903431736,
    "recall[29]": 0.999868627642807,
    "recall[30]": 0.9998855974294321,
    "recall[31]": 0.9998639464223564,
    "recall[32]": 0.9999879089368208,
    "recall[33]": 1.0000889099918722,
    "recall[34]": 0.999832126703733,
    "recall[35]": 0.9999765751556735,
    "recall[36]": 0.9998436015338298,
    "recall[37]": 0.999877154491652,
    "recall[38]": 0.999861968955512,
    "recall[39]": 0.9998775348756461
  },
  "ess": {
    "concentration": 2950.4684353601897,
    "lambda[0]": 19392.509562035448,
    "lambda[1]": 10161.409817515965,
    "lambda[2]": 15452.51684761353,
    "lambda[3]": 12991.194434711662,
    "lambda[4]": 12169.581898903733,
    "lambda[5]": 21525.984587167437,
    "lambda[6]": 20548.38736043929,
    "lambda[7]": 14971.775007135555,
    "lambda[8]": 8291.082827197359,
    "lambda[9]": 18965.275364354737,
    "lambda[10]": 15109.54950501627,
    "lambda[11]": 18545.65327624244,
    "lambda[12]": 15882.478377308329,
    "lambda[13]": 17208.126057130714,
    "lambda[14]": 14647.741346860836,
    "lambda[15]": 21273.235867011717,
    "lambda[16]": 16495.984826647542,
    "lambda[17]": 18690.239538310965,
    "lambda[18]": 16971.887143915887,
    "lambda[19]": 15508.135496408277,
    "precision[0]": 29331.318076756128,
    "precision[1]": 29497.64044441999,
    "precision[2]": 30093.608014592355,
    "precision[3]": 29401.757969700335,
    "precision[4]": 32100.774241494186,
    "precision[5]": 30840.01139399546,
    "precision[6]": 32579.75275173119,
    "precision[7]": 26513.43850647213,
    "precision[8]": 29125.51688814938,
    "precision[9]": 30065.864587154796,
    "precision[10]": 30370.626418127213,
    "precision[11]": 28544.927385686726,
    "precision[12]": 26081.048418905124,
    "precision[13]": 29076.603678899384,
    "precision[14]": 30720.34683314698,
    "precision[15]": 32593.190830674434,
    "precision[16]": 29033.431471637785,
    "precision[17]": 28680.46068524054,
    "precision[18]": 28360.510623213315,
    "precision[19]": 26638.193089753313,
    "precision[20]": 31081.842500774907,
    "precision[21]": 29708.18903864762,
    "precision[22]": 34224.70500061682,
    "precision[23]": 31040.628996569598,
    "precision[24]": 31764.368602799805,
    "precision[25]": 32486.307731726414,
    "precision[26]": 33023.24637190884,
    "precision[27]": 30258.227539951233,
    "precision[28]": 30236.02284091945,
    "precision[29]": 28660.017433822843,
    "precision[30]": 31995.00648086625,
    "precision[31]": 31188.233534818806,
    "precision[32]": 29637.364853467523,
    "precision[33]": 28489.086584782304,
    "precision[34]": 30281.03290272252,
    "precision[35]": 35365.69095903851,
    "precision[36]": 28853.48809646354,
    "precision[37]": 31285.925089213983,
    "precision[38]": 28620.699982480604,
    "precision[39]": 28815.503282956535,
    "recall[0]": 20921.868110049236,
    "recall[1]": 21144.247194479718,
    "recall[2]": 8019.571421273303,
    "recall[3]": 20431.614140594946,
    "recall[4]": 19005.168972734115,
    "recall[5]": 14403.955761758245,
    "recall[6]": 11195.820161393296,
    "recall[7]": 18593.401003850766,
    "recall[8]": 17351.859840644236,
    "recall[9]": 14317.435644376405,
    "recall[10]": 21878.31122295937,
    "recall[11]": 25115.57191854403,
    "recall[12]": 16657.800723706277,
    "recall[13]": 13258.448577271856,
    "recall[14]": 22453.048537557213,
    "recall[15]": 14556.05161744122,
    "recall[16]": 6501.56442845578,
    "recall[17]": 27557.500714594837,
    "recall[18]": 22317.68774262204,
    "recall[19]": 15737.668591192929,
    "recall[20]": 24472.582222797933,
    "recall[21]": 14795.903471620542,
    "recall[22]": 25873.968817003944,
    "recall[23]": 22085.01271083661,
    "recall[24]": 24908.90814788432,
    "recall[25]": 14790.787452387856,
    "recall[26]": 19675.313906159132,
    "recall[27]": 14854.697122271657,
    "recall[28]": 25311.85751282481,
    "recall[29]": 17515.971516249763,
    "recall[30]": 23719.551459417424,
    "recall[31]": 27233.59051750636,
    "recall[32]": 24679.476414644756,
    "recall[33]": 15709.412352190542,
    "recall[34]": 21406.206498498577,