{
  "entry_ids": [
    "LLM01",
    "LLM02",
    "LLM03",
    "LLM04",
    "LLM05",
    "LLM06",
    "LLM07",
    "LLM08",
    "LLM09",
    "LLM10",
    "NEW-ITSCD",
    "NEW-MA",
    "NEW-MSDA",
    "NEW-MTIE",
    "NEW-PMP",
    "NEW-WLA",
    "ROLL-CMSB",
    "ROLL-LAPTF",
    "ROLL-SICG",
    "ROLL-CFAS"
  ],
  "r_hat": {
    "concentration": 1.004107266264631,
    "lambda[0]": 0.999931224812938,
    "lambda[1]": 1.000758897464951,
    "lambda[2]": 0.9998574059712357,
    "lambda[3]": 1.0000127411270052,
    "lambda[4]": 1.000285788216792,
    "lambda[5]": 1.000047697155869,
    "lambda[6]": 1.0000016049716327,
    "lambda[7]": 0.9999998855084892,
    "lambda[8]": 1.0004733004377173,
    "lambda[9]": 0.9996525158011412,
    "lambda[10]": 1.0002045083132443,
    "lambda[11]": 1.000190469166042,
    "lambda[12]": 0.9996325599303837,
    "lambda[13]": 0.9998434593797332,
    "lambda[14]": 1.0003697423285816,
    "lambda[15]": 0.999899070452229,
    "lambda[16]": 0.9998549377822135,
    "lambda[17]": 1.0001006539356196,
    "lambda[18]": 1.0003629350111307,
    "lambda[19]": 0.9999753080860475,
    "precision[0]": 0.9996983000560882,
    "precision[1]": 0.9998924250892461,
    "precision[2]": 0.9998499592798954,
    "precision[3]": 0.9998021634013141,
    "precision[4]": 0.9997751142056714,
    "precision[5]": 0.9998627496805371,
    "precision[6]": 0.999995563817933,
    "precision[7]": 0.9995759355331484,
    "precision[8]": 0.999735772835295,
    "precision[9]": 0.9996984082409833,
    "precision[10]": 0.9998597512460428,
    "precision[11]": 0.9997012622729284,
    "precision[12]": 1.000304145262429,
    "precision[13]": 1.0000071683908232,
    "precision[14]": 0.9999368098817759,
    "precision[15]": 0.9997743650211603,
    "precision[16]": 0.999682330109873,
    "precision[17]": 0.9997472733937188,
    "precision[18]": 1.0000734776052929,
    "precision[19]": 0.9998451760250491,
    "precision[20]": 0.9996083537209027,
    "precision[21]": 0.999719663106615,
    "precision[22]": 0.9997576421633798,
    "precision[23]": 0.999670742254897,
    "precision[24]": 0.999765591654173,
    "precision[25]": 0.9996564171317113,
    "precision[26]": 0.9996221273395909,
    "precision[27]": 1.000035905974909,
    "precision[28]": 0.9996889756481688,
    "precision[29]": 0.9997003171627046,
    "precision[30]": 0.9999048417666632,
    "precision[31]": 0.999674850924272,
    "precision[32]": 0.9997598744066801,
    "precision[33]": 0.9996813244215589,
    "precision[34]": 0.9996728322645511,
    "precision[35]": 0.9998973093080652,
    "precision[36]": 0.9995673813288074,
    "precision[37]": 0.9998564980407102,
    "precision[38]": 0.9996768187631153,
    "precision[39]": 0.9997258666389723,
    "recall[0]": 0.9997793844010151,
    "recall[1]": 0.9998169072454158,
    "recall[2]": 1.0002294364693711,
    "recall[3]": 1.0003563464370424,
    "recall[4]": 0.9997911734274022,
    "recall[5]": 1.000092970430669,
    "recall[6]": 1.0000143193218263,
    "recall[7]": 0.999601856006882,
    "recall[8]": 0.9997792236128539,
    "recall[9]": 0.9999312623566041,
    "recall[10]": 0.9999630467595386,
    "recall[11]": 0.9997079745921865,
    "recall[12]": 0.9998922293209973,
    "recall[13]": 1.0001705421554299,
    "recall[14]": 0.9997365618130354,
    "recall[15]": 0.9998984332099435,
    "recall[16]": 1.001694506259727,
    "recall[17]": 0.9997777429140141,
    "recall[18]": 0.9998970838512973,
    "recall[19]": 1.0000755530507386,
    "recall[20]": 0.9996708577770923,
    "recall[21]": 0.9999624937057048,
    "recall[22]": 1.0000402251805471,
    "recall[23]": 0.999803390823742,
    "recall[24]": 0.9997823479380877,
    "recall[25]": 0.9998004525010509,
    "recall[26]": 1.0001570406078562,
    "recall[27]": 0.9997777603651896,
    "recall[28]": 0.9997931923985494,
    "recall[29]": 0.9996588905639968,
    "recall[30]": 0.9999353261361834,
    "recall[31]": 0.9997447552173605,
    "recall[32]": 1.0000427562704473,
    "recall[33]": 0.9998886344881522,
    "recall[34]": 1.000120780049596,
    "recall[35]": 0.999934563272231,
    "recall[36]": 0.9997817571417028,
    "recall[37]": 0.9999010092746359,
    "recall[38]": 0.9997186256682905,
    "recall[39]": 0.9999931887162132
  },
  "ess": {
    "concentration": 1584.5211283046754,
    "lambda[0]": 10664.03809173094,
    "lambda[1]": 6039.817243761007,
    "lambda[2]": 9033.725112551962,
    "lambda[3]": 6799.346769712262,
    "lambda[4]": 7045.063713170834,
    "lambda[5]": 10906.072917159683,
    "lambda[6]": 9799.160479070613,
    "lambda[7]": 8505.285107107324,
    "lambda[8]": 5389.330523360242,
    "lambda[9]": 9473.922590594591,
    "lambda[10]": 7917.829803105099,
    "lambda[11]": 4956.458640497502,
    "lambda[12]": 8412.48978145981,
    "lambda[13]": 8588.340150699805,
    "lambda[14]": 7741.701563854919,
    "lambda[15]": 11033.382913563019,
    "lambda[16]": 9662.704607371563,
    "lambda[17]": 8134.993480938408,
    "lambda[18]": 8402.93403224962,
    "lambda[19]": 5522.262932039622,
    "precision[0]": 14069.606854384276,
    "precision[1]": 14303.174740829298,
    "precision[2]": 12617.536107940774,
    "precision[3]": 13116.937895992369,
    "precision[4]": 13452.96978367029,
    "precision[5]": 12518.195826845775,
    "precision[6]": 12504.609191474021,
    "precision[7]": 15103.176598478332,
    "precision[8]": 12418.461177091485,
    "precision[9]": 13729.96093474126,
    "precision[10]": 14232.857149720727,
    "precision[11]": 13432.186290181011,
    "precision[12]": 12208.980198890193,
    "precision[13]": 12598.76016037535,
    "precision[14]": 12685.849445925673,
    "precision[15]": 12490.943388310994,
    "precision[16]": 13254.735367857244,
    "precision[17]": 13672.086859706073,
    "precision[18]": 12852.46390384334,
    "precision[19]": 12452.517885648595,
    "precision[20]": 15949.77593412326,
    "precision[21]": 13006.475806377244,
    "precision[22]": 12722.4450907296,
    "precision[23]": 14835.143434467867,
    "precision[24]": 13272.656717998805,
    "precision[25]": 14344.855343346455,
    "precision[26]": 14058.564777438909,
    "precision[27]": 11853.504325874197,
    "precision[28]": 15620.787899923698,
    "precision[29]": 12428.220049190111,
    "precision[30]": 12134.96273213693,
    "precision[31]": 13739.215450091913,
    "precision[32]": 12861.673439014183,
    "precision[33]": 13255.511228850533,
    "precision[34]": 14685.95470374985,
    "precision[35]": 13899.995928621807,
    "precision[36]": 13334.818775970272,
    "precision[37]": 14026.292665344652,
    "precision[38]": 13434.10718044041,
    "precision[39]": 13999.110445650074,
    "recall[0]": 10677.625702443134,
    "recall[1]": 12932.130929064355,
    "recall[2]": 4802.9302448183025,
    "recall[3]": 10447.290263926705,
    "recall[4]": 8616.867310031212,
    "recall[5]": 9751.982562695288,
    "recall[6]": 7411.586723039942,
    "recall[7]": 8553.299492658038,
    "recall[8]": 10485.50278588422,
    "recall[9]": 8455.766069750789,
    "recall[10]": 10071.308167688516,
    "recall[11]": 12634.865581543194,
    "recall[12]": 9098.708695486639,
    "recall[13]": 8557.389776049113,
    "recall[14]": 10684.963360027386,
    "recall[15]": 8220.334122674523,
    "recall[16]": 4574.209194120601,
    "recall[17]": 14282.00442471784,
    "recall[18]": 10928.674770224521,
    "recall[19]": 7636.453840428067,
    "recall[20]": 11188.102242826457,
    "recall[21]": 7701.44187320448,
    "recall[22]": 13360.882727043432,
    "recall[23]": 11242.02503788064,
    "recall[24]": 11318.079549462034,
    "recall[25]": 8227.170033709283,
    "recall[26]": 11379.965830306333,
    "recall[27]": 7560.018754416583,
    "recall[28]": 11492.408519277069,
    "recall[29]": 9227.441512752654,
    "recall[30]": 10583.941804514245,
    "recall[31]": 14558.241040395389,
    "recall[32]": 9638.838253488404,
    "recall[33]": 7871.6375678216245,
    "recall[34]": 11072.955402566538,
    "recall[35]": 7476.068156461823,