{
  "entry_ids": [
    "LLM01",
    "LLM02",
    "LLM03",
    "LLM04",
    "LLM05",
    "LLM07",
    "LLM09",
    "LLM10",
    "NEW-MA",
    "NEW-MSDA",
    "NEW-PMP",
    "NEW-WLA",
    "ROLL-SICG"
  ],
  "r_hat": {
    "concentration": 1.0007902591108147,
    "lambda[0]": 1.001012143256555,
    "lambda[1]": 0.9997533207140316,
    "lambda[2]": 0.9999358760298586,
    "lambda[3]": 0.9997508274375805,
    "lambda[4]": 1.0005218803805906,
    "lambda[5]": 0.9998198120715286,
    "lambda[6]": 0.9996248884670492,
    "lambda[7]": 1.0002470760541384,
    "lambda[8]": 0.9999095492386851,
    "lambda[9]": 1.0002078803063505,
    "lambda[10]": 0.9998813891333003,
    "lambda[11]": 0.9999616785292685,
    "lambda[12]": 0.9995648434918821,
    "precision[0]": 0.9996734631563395,
    "precision[1]": 0.99960632831617,
    "precision[2]": 0.9995608147566067,
    "precision[3]": 0.9997406308120556,
    "precision[4]": 0.9997798246878642,
    "precision[5]": 0.9995673014455567,
    "precision[6]": 0.9999930588671392,
    "precision[7]": 0.9995647482257519,
    "precision[8]": 0.9996567267980584,
    "precision[9]": 1.0000357000469282,
    "precision[10]": 0.9998909255942724,
    "precision[11]": 0.999736435828394,
    "precision[12]": 0.9996945776518357,
    "recall[0]": 0.9997870183339758,
    "recall[1]": 0.9996315230307835,
    "recall[2]": 0.9999202250211291,
    "recall[3]": 0.9998177398955782,
    "recall[4]": 1.0003262719055495,
    "recall[5]": 0.9997278123602845,
    "recall[6]": 0.9999974651603801,
    "recall[7]": 0.9999941748593795,
    "recall[8]": 0.9999728411879456,
    "recall[9]": 1.0001954289803012,
    "recall[10]": 0.9996185125766637,
    "recall[11]": 0.9997802393002727,
    "recall[12]": 0.9998124859327576
  },
  "ess": {
    "concentration": 3581.728695236243,
    "lambda[0]": 6108.59841424247,
    "lambda[1]": 10789.408850209451,
    "lambda[2]": 10796.602620138578,
    "lambda[3]": 11333.112890359733,
    "lambda[4]": 5974.311441515828,
    "lambda[5]": 10643.350540121815,
    "lambda[6]": 11213.087065208869,
    "lambda[7]": 11441.262253670053,
    "lambda[8]": 8773.320289132958,
    "lambda[9]": 11595.8924154006,
    "lambda[10]": 12114.447284843709,
    "lambda[11]": 4734.537503818833,
    "lambda[12]": 11010.90689297983,
    "precision[0]": 17108.296584796586,
    "precision[1]": 14691.858993551628,
    "precision[2]": 15229.035918184727,
    "precision[3]": 14436.944693557898,
    "precision[4]": 15148.734744131376,
    "precision[5]": 14165.51257138852,
    "precision[6]": 15512.026400648161,
    "precision[7]": 17808.625808541725,
    "precision[8]": 17045.70776402635,
    "precision[9]": 14866.306575965595,
    "precision[10]": 13474.852735841898,
    "precision[11]": 14737.308552353901,
    "precision[12]": 16872.11998741196,
    "recall[0]": 7416.942784627357,
    "recall[1]": 11624.487651724969,
    "recall[2]": 11515.965118694965,
    "recall[3]": 10259.590210297714,
    "recall[4]": 5730.734851805621,
    "recall[5]": 9030.448380619144,
    "recall[6]": 13350.753108863353,
    "recall[7]": 9206.853162654359,
    "recall[8]": 12473.049469236616,
    "recall[9]": 9407.963448638431,
    "recall[10]": 9469.498308724225,
    "recall[11]": 16704.370118195882,
    "recall[12]": 10818.358492763076
  },
  "divergences": 0,
  "num_warmup": 1000,
  "num_samples": 2000,
  "num_chains": 4
}
