{
  "entry_ids": [
    "LLM01",
    "LLM02",
    "LLM03",
    "LLM04",
    "LLM05",
    "LLM06",
    "LLM07",
    "LLM08",
    "LLM09",
    "LLM10",
    "NEW-ITSCD",
    "NEW-MA",
    "NEW-MSDA",
    "NEW-MTIE",
    "NEW-PMP",
    "NEW-WLA",
    "ROLL-CFAS",
    "ROLL-CMSB",
    "ROLL-LAPTF",
    "ROLL-SICG"
  ],
  "r_hat": {
    "concentration": 1.0000706496277496,
    "lambda[0]": 0.9998786485677749,
    "lambda[1]": 0.9998445560900138,
    "lambda[2]": 1.0000032063700806,
    "lambda[3]": 0.9999492252292372,
    "lambda[4]": 0.9998112057787398,
    "lambda[5]": 0.9998307727692702,
    "lambda[6]": 0.9998817494432166,
    "lambda[7]": 1.000008279123333,
    "lambda[8]": 0.9999724201069993,
    "lambda[9]": 0.9998781749333686,
    "lambda[10]": 0.9998581306073957,
    "lambda[11]": 0.9998358531055478,
    "lambda[12]": 0.99993967770335,
    "lambda[13]": 0.9998190458179538,
    "lambda[14]": 0.9999570859433539,
    "lambda[15]": 0.9997986038976906,
    "lambda[16]": 0.9998720131597846,
    "lambda[17]": 0.9998446704227218,
    "lambda[18]": 0.999886157782552,
    "lambda[19]": 0.9997861250270681,
    "precision[0]": 0.9999148908717294,
    "precision[1]": 0.9998977808129832,
    "precision[2]": 0.9997553867499572,
    "precision[3]": 0.999800000664594,
    "precision[4]": 0.9999053060846586,
    "precision[5]": 0.9998787532688591,
    "precision[6]": 0.9999617226093742,
    "precision[7]": 1.0000297150608901,
    "precision[8]": 0.9999015061617677,
    "precision[9]": 0.9998312083916595,
    "precision[10]": 0.9998042291687199,
    "precision[11]": 0.999774785182318,
    "precision[12]": 0.999990321403748,
    "precision[13]": 0.9998787412016604,
    "precision[14]": 0.9999650595696947,
    "precision[15]": 0.9998111747305239,
    "precision[16]": 0.9998468142184112,
    "precision[17]": 0.9997939790826157,
    "precision[18]": 1.0000398483183541,
    "precision[19]": 0.9999937514855275,
    "precision[20]": 0.9998955660145761,
    "precision[21]": 0.9998786856643312,
    "precision[22]": 0.9999142908222655,
    "precision[23]": 0.9998968388349743,
    "precision[24]": 0.9997889608989392,
    "precision[25]": 0.9998421989908161,
    "precision[26]": 0.9998236281770362,
    "precision[27]": 0.9998919041883427,
    "precision[28]": 0.9998064743598462,
    "precision[29]": 0.9998881512337495,
    "precision[30]": 0.9998600266329539,
    "precision[31]": 0.999897245491865,
    "precision[32]": 0.9998417174460379,
    "precision[33]": 0.9998744333559787,
    "precision[34]": 0.9998216000531852,
    "precision[35]": 0.999883105408241,
    "precision[36]": 0.9998324475796339,
    "precision[37]": 0.9997958017265424,
    "precision[38]": 1.0000399091444283,
    "precision[39]": 0.9998025879036587,
    "recall[0]": 1.0000483107180587,
    "recall[1]": 0.9997934255769022,
    "recall[2]": 0.9999444583230823,
    "recall[3]": 0.9998665539990935,
    "recall[4]": 1.0000324290197402,
    "recall[5]": 0.999791105065912,
    "recall[6]": 0.999954289217424,
    "recall[7]": 0.9998037538215907,
    "recall[8]": 0.9999692899691472,
    "recall[9]": 0.9997804963725697,
    "recall[10]": 0.9998566270830592,
    "recall[11]": 0.9998650910191178,
    "recall[12]": 0.9998027590436028,
    "recall[13]": 0.9998899244091336,
    "recall[14]": 0.999907717759831,
    "recall[15]": 0.9999564628677087,
    "recall[16]": 0.9998569697839411,
    "recall[17]": 0.999825980821478,
    "recall[18]": 0.9997921312228926,
    "recall[19]": 0.9997870421414119,
    "recall[20]": 0.9999631810750744,
    "recall[21]": 0.9999020795903794,
    "recall[22]": 0.9998225258381054,
    "recall[23]": 0.999820268403133,
    "recall[24]": 0.9998994345836416,
    "recall[25]": 0.9998569267622032,
    "recall[26]": 0.9999530846206691,
    "recall[27]": 0.9999289572760031,
    "recall[28]": 0.9998474887635613,
    "recall[29]": 0.9998602836310038,
    "recall[30]": 0.9997819271881521,
    "recall[31]": 0.999901318599707,
    "recall[32]": 0.9999303749718297,
    "recall[33]": 0.9999359153533711,
    "recall[34]": 0.9998114503860297,
    "recall[35]": 0.9998135419363086,
    "recall[36]": 0.9998812790682062,
    "recall[37]": 0.9999332720135657,
    "recall[38]": 0.9997969072311381,
    "recall[39]": 0.9998533520030211
  },
  "ess": {
    "concentration": 15707.705575357133,
    "lambda[0]": 23941.384205428054,
    "lambda[1]": 28684.471126,
    "lambda[2]": 27262.338992458655,
    "lambda[3]": 28771.88654747068,
    "lambda[4]": 26479.544200431315,
    "lambda[5]": 27663.159423256144,
    "lambda[6]": 25885.621580866955,
    "lambda[7]": 23556.7965462202,
    "lambda[8]": 28960.274899668628,
    "lambda[9]": 23191.821947180597,
    "lambda[10]": 21770.194385625084,
    "lambda[11]": 26240.5806901538,
    "lambda[12]": 21667.127742753746,
    "lambda[13]": 21496.4464588394,
    "lambda[14]": 19712.648344866117,
    "lambda[15]": 26384.94740972727,
    "lambda[16]": 21992.313382597604,
    "lambda[17]": 27300.661756325542,
    "lambda[18]": 22574.379205836332,
    "lambda[19]": 20731.57090385522,
    "precision[0]": 36863.450053173954,
    "precision[1]": 35054.6808425552,
    "precision[2]": 34573.7012938002,
    "precision[3]": 38397.94860427989,
    "precision[4]": 34775.1224850304,
    "precision[5]": 34267.167083882145,
    "precision[6]": 37988.628398562396,
    "precision[7]": 38168.86943844822,
    "precision[8]": 35801.06967787101,
    "precision[9]": 38308.45724053289,
    "precision[10]": 35794.55080276428,
    "precision[11]": 35248.667698604775,
    "precision[12]": 33165.51037538651,
    "precision[13]": 37243.49422697142,
    "precision[14]": 32389.53423899396,
    "precision[15]": 33584.33306069507,
    "precision[16]": 34363.67235810886,
    "precision[17]": 38342.18340987838,
    "precision[18]": 33237.51282859278,
    "precision[19]": 34960.14676456463,
    "precision[20]": 31716.281485677915,
    "precision[21]": 37606.12770710919,
    "precision[22]": 32918.26883202493,
    "precision[23]": 34851.86976706026,
    "precision[24]": 37056.012781713194,
    "precision[25]": 38012.367741612674,
    "precision[26]": 39051.77954042873,
    "precision[27]": 37207.30514628177,
    "precision[28]": 36311.37467380547,
    "precision[29]": 27809.82084997444,
    "precision[30]": 33457.18100019133,
    "precision[31]": 36853.50992614043,
    "precision[32]": 32723.245908890185,
    "precision[33]": 34471.12030611938,
    "precision[34]": 33264.18757215014,
    "precision[35]": 34120.57534408632,
    "precision[36]": 34293.415966818946,
    "precision[37]": 30316.015572689237,
    "precision[38]": 33716.24382916021,
    "precision[39]": 37104.06225585591,
    "recall[0]": 24608.7457984566,
    "recall[1]": 41223.19482350694,
    "recall[2]": 26501.414352161068,
    "recall[3]": 38884.70369571988,
    "recall[4]": 26898.54377639564,
    "recall[5]": 35935.85047419895,
    "recall[6]": 27871.79895390281,
    "recall[7]": 34441.48598665363,
    "recall[8]": 24123.71885019182,
    "recall[9]": 35416.919509297695,
    "recall[10]": 24260.34225142559,
    "recall[11]": 37301.786349098234,
    "recall[12]": 23912.960627871136,
    "recall[13]": 33505.719731913116,
    "recall[14]": 25169.570443607645,
    "recall[15]": 23462.63239313028,
    "recall[16]": 27486.36770204248,
    "recall[17]": 39203.29835244389,
    "recall[18]": 25209.02246558428,
    "recall[19]": 38350.689548913826,
    "recall[20]": 24137.11520288243,
    "recall[21]": 28922.51990292131,
    "recall[22]": 32283.4569230039,
    "recall[23]": 37658.53497370028,
    "recall[24]": 27548.267633547985,
    "recall[25]": 33686.529821741635,
    "recall[26]": 26418.642998586216,
    "recall[27]": 37341.289611252854,
    "recall[28]": 27674.183969948866,
    "recall[29]": 30654.462223787166,
    "recall[30]": 26914.194709197986,
    "recall[31]": 37808.405258906816,
    "recall[32]": 25451.37359560701,
    "recall[33]": 21226.340296369413,
    "recall[34]": 26564.775916954226,
    "recall[35]": 39973.86977120545,